Test_Type,Base_Score,Perturbed_Score,Delta,Significant?
Politeness,-1.0947265625,1.76171875,2.8564453125,YES
Keywords,2.466796875,2.45703125,-0.009765625,No
Reordering,2.08203125,2.396484375,0.314453125,No
Verbosity,2.80859375,2.75390625,-0.0546875,No
Formatting,2.615234375,3.44921875,0.833984375,YES
