Model,Mean_Length,Median_Length,Std_Dev
DPO,70.42,32.0,82.60629268909683
PPO-Sparse,111.38,84.5,94.55543455604037
PPO-Dense,99.64,78.5,86.26815336909843
GRPO,66.8,43.0,68.9590236211006
SFT-Baseline,112.56,85.0,92.640661941169
